open,high,low,close,volume,return_pct,hl_spread_pct
2105.9136694120443,2080.9596733822063,2099.550595252646,2070.7936705172788,1520463153,-1.5000906356528714,-0.5589778339562509
2367.107274375916,2361.8466715717045,2346.4756888597904,2335.6208331165844,3767357255,-1.7947904614575392,0.8081738296007898
1902.2177277437884,1925.2843096201213,1900.398593854007,1925.489176322388,3610896625,-0.27471566449364004,1.50219356204121
2761.0916083975794,2775.665164915579,2808.8333800838236,2803.492142088745,2211065521,2.234779366284086,-1.0295178571429804
2436.3754724451514,2460.3839370092496,2441.2141876277988,2467.2444959939367,2837419225,1.5795968234488322,1.1081885355253875
2032.197337705193,2039.4301746198948,2015.1624429152996,2051.890461240338,3736221188,0.4658143384941703,1.660008692594285
2717.542016352309,2750.249759712786,2712.704918963109,2755.0499719958366,4498452150,1.2704648736614175,1.1539486295405679
2360.1728303483997,2384.821834980512,2351.3562946316156,2377.3075971905264,4282140892,1.2910349515385149,1.4592440551807815
2782.198617257275,2796.8456225184323,2760.670334809286,2802.1563726330983,3938605305,0.8780069399233137,1.3409338202207053
2715.9801996503224,2746.2196635029436,2680.392298184465,2706.151834246937,4553425595,-0.5849850827744887,2.593925990174203
2079.130817116384,2099.0219424980105,2043.2686793232212,2076.9610424507005,4418154311,-0.5952174971791513,2.3225580871272187
2517.315357523582,2537.532613926242,2502.5500948460485,2512.353137539686,4688008477,-1.3356104480242903,1.9495537475758684
2024.6618317063592,2050.8014843338815,2032.242339892373,2046.4358863721093,4463354759,0.9338403575093605,1.007134983274962
2131.035063556554,2124.7844883110683,2111.6826331079674,2099.483988450473,3443627402,-0.7590123141431049,0.8084126066199225
1748.4733980592719,1795.1773106444705,1748.7976603782556,1778.8754494050622,5361828054,0.8936053678637615,2.072255113296403
2819.9034564230433,2779.453085282498,2815.840139966287,2780.5325053346724,2795669090,-1.622942662789837,-1.0380579905356107
2626.298005645464,2627.0605999475074,2619.966658174483,2607.2006909356232,2961884202,-0.8239980340837509,0.3748979542000237
2981.2295608028903,2974.539198180723,2960.776101265984,2961.290074123701,3052770489,-1.1872174197263838,0.8705939566397299
2227.544135243177,2245.1300523575133,2229.0486899691814,2249.0295925596006,3770594800,0.8554709554918063,0.5849622716100092
2233.4704709055304,2232.2108227205317,2225.4067372483823,2246.7468750936487,3521778076,0.2723739759706689,0.48783719299706013
2461.375440833406,2457.5089096540196,2442.2581987973904,2425.1596244739385,3344189716,-2.793200429986581,0.3567588098032879
2726.3816753904,2732.055492148383,2694.8671582152147,2705.0284159548874,3289814602,-1.7445952059654573,1.2538558621180154
2056.075257576291,2099.5456736291458,2058.487422368923,2084.1881827914317,4583777818,1.17215228605912,2.091389457241995
2503.88664469749,2535.2729117300987,2480.3788329138797,2505.410609099097,4191116391,-0.9612703153270351,2.3156362607786076
2140.2719847172907,2154.6608993763584,2129.402238554744,2138.9317129327746,3202598349,-0.7967333402473542,0.9822458080216098
2807.0612074344044,2834.3109474961498,2780.256516418687,2821.2074134691147,3923339953,0.06347937494461921,1.4344253725203646
2271.6441845546315,2323.9480688923363,2257.876201030687,2297.6599400315185,5130582825,0.943162059784972,2.3958696650478917
2396.2445063979862,2419.933640575671,2403.2722853589426,2420.20811548058,4129302733,1.2576703039155528,0.9289306855188749
1610.4505199361402,1610.7238053851545,1622.617514865748,1611.4921248888008,2801351113,0.6514513358819687,0.08163332500784953
3170.9063764520442,3197.3518030456526,3171.699257548525,3188.8738221379463,3888936041,0.9520027710332213,0.8380631859933585
2195.305783384441,2215.1460411597104,2194.7064205125334,2214.0575141503014,4094773748,1.0822608414983934,1.5408099567300662
2559.2331015854415,2571.9225349306244,2522.80529041265,2557.2217541096024,4330424651,0.3641148299108405,1.9252676681314327
2441.351399684058,2461.945036159038,2436.99056646533,2469.3528364320246,3565593091,0.8273075573486959,0.8675640378305522
2371.5346798903483,2386.6160490413376,2349.780721351687,2368.3723735270364,5098452154,-1.4493349937665585,1.744697709669582
2792.5780311025583,2797.1317599464446,2766.8502408404515,2796.272809987105,3921549305,0.23574388565447682,1.373022629481033
2074.720461890302,2107.329479188907,2068.023936436679,2104.1649803970495,4781092190,1.386611179636045,1.6443951235776797
2206.086077458426,2238.870119064776,2215.198015952884,2246.004059692642,2829228926,1.2835805747658517,0.7538126830054056
2734.7530902565886,2764.452581717288,2714.986767084017,2741.2882185864114,3451491687,0.4553387062132639,1.9066179515681876
2654.700768835856,2673.1174856075068,2629.266270499916,2639.4612767581075,2571926745,0.2496887437346179,1.5199220314686042
2678.253725644272,2685.2098001004465,2664.9504044074515,2669.4890761599454,2613134960,0.7674804840279088,1.0010570689701686
2771.563467272222,2776.9513380816697,2791.5459268417408,2783.3149333022307,2760933484,-0.05395235461294635,-0.4682608686306193
1993.292402701632,2001.4404785920178,1985.7591700240864,2001.130914391191,5201386403,-0.1238055392244901,1.1495896730675945
2454.2182378171406,2480.406340677357,2469.945973478245,2479.6854612483035,3504464402,0.5397174585760011,0.43854093202063427
2771.6850755091036,2800.38792646351,2779.89563551437,2805.021973600193,2774453088,1.0592805965758123,0.6717469156576049
2540.737966867089,2560.543484492096,2554.232794808003,2574.5920104697025,2799272956,1.7422623729566264,0.21225761339919844
2632.545722974936,2658.147530683002,2620.9095000361194,2647.1983217163347,3524713438,0.34078305773963596,1.2029299086723615
2994.44596714208,3009.0801216062264,2991.829113298276,2997.940084718656,4796502592,-0.24715133176975357,0.7126100022269464
2986.5783784247733,3001.5940018922215,2978.032043688671,3015.5860494769254,2262368000,2.2499329393481458,0.8047896104139128
2784.7454276604903,2772.530387095821,2775.094049522623,2778.0616479427117,2174705105,-0.6964914774370541,-0.3230132214118008
2649.2435254915863,2659.476453682518,2618.450814845306,2638.5129632519265,4206918443,-0.30982140092302124,1.1920473755585064
1960.6852025847168,1989.8377703761726,1946.7194022864899,1990.7002359188775,4210463154,0.6790075246721644,1.8069654758465046
2257.8611433147144,2257.2002964017456,2254.4024371504265,2252.9310334260217,3603265115,-0.0592863373736051,0.270589123131439
2607.03411409602,2619.404324491634,2583.918673406244,2611.313851991699,3644739411,0.544544377525519,1.5787480557356313
2622.728301529877,2628.744479385306,2612.959694179654,2627.3768055759974,3881457848,-0.6357250421291484,0.8365074204892243
3188.369015992003,3218.108514061047,3184.739431016339,3237.2235760770163,3273653476,3.0822723867381066,0.7141202043678612
3096.625628226988,3098.252688145708,3097.026399561659,3101.108876867282,2641300784,0.17665929681243359,-0.6183254294702516
2668.463684312454,2676.833557366284,2636.218050098614,2631.279625145981,4628903176,-1.3215131618498486,1.4309466808104505
2964.1220881501636,2980.773959845985,2960.116305749564,2966.351590852131,2416766397,0.26704029561140863,0.6699069672876697
2595.5742209174828,2617.9278279641685,2590.7750589794823,2621.1075470956307,4821985173,1.39395712937998,1.4850734093823814
2242.300406723987,2240.1298947776077,2236.6377327763776,2218.1848286055883,4055288131,-0.41718776502300037,0.43398450743740496
3389.461028386049,3384.7769297322916,3352.344990722378,3380.1875401085485,3612363672,0.358741807903801,0.73236758931803
2409.170839375279,2425.2193718923363,2397.049497834289,2427.4208897281064,4609630266,1.3830221447461764,1.2135270521182455
2197.107608360547,2193.7798800989367,2169.4157439117835,2182.950328793265,3713362397,-0.94738492782396,1.0851656833800893
2424.157854276198,2426.5793445017352,2422.037652431773,2436.8895885890906,3287649142,0.24639981591076449,0.18464080236526328
2936.992857754806,2953.257315588591,2942.052436380839,2931.384921785091,3135121561,-0.30232998517486165,0.1927595484945282
3414.240490164751,3431.4706376625695,3403.273953933301,3430.2151901590446,3311718409,0.41987619428460904,0.7932876470946435
2660.2583752503333,2683.9312670457293,2692.3495544315206,2716.801062997961,1739815047,1.8572730036913139,-0.9404003084083693
2739.9136043213093,2762.80400899765,2734.2795757294093,2738.911462569716,4670079090,0.4717023186599278,0.8225113705126842
2058.6201516227184,2050.3736163327226,2049.3125785348752,2049.2508700540557,3720640791,-1.0471133827870411,0.4839718652183939
3591.8148943692568,3584.810437070767,3582.4817110940353,3585.84981050192,2410963394,-0.07894530439764577,-0.44948218088888675
2077.668465830551,2055.118599719791,2052.0761520559654,2035.3852357590047,2469584480,-2.860278293865204,0.08743302351547665
2547.4646047074993,2552.729448696708,2537.267249581677,2547.6783500828847,3874395905,-0.06748504884899834,0.45135911056220085
3203.3720358908545,3247.370097447074,3182.987643375876,3210.8535353664333,5480872157,0.9249996949447187,1.9256185644905086
3344.705014732589,3353.6371269250244,3323.386317114393,3328.6359067341477,4319290375,-0.25283922793792646,1.335685112014886
2612.893923511074,2642.2058846381105,2597.864622842673,2642.6459257227107,4293667804,2.020535323468117,1.9274863408423448
1989.534721618649,2027.1281999826472,1941.943083796582,1969.8404577182735,4639709246,-1.0329363926873831,3.6613798070888466
3051.3664556609892,3073.079089915875,3032.2456397290794,3058.780972054305,4092443157,0.36599569973371454,1.4567188812895266
3029.942321566469,3052.102159114909,2999.18229446462,3009.341853075589,3545119016,-1.5806963874075615,1.2626648483625107
2056.364490220893,2066.7645708726054,2026.0454078444127,2039.5447424209312,4291145381,-0.36881094014872523,1.635223593185135
2019.3803596234502,2071.209849014359,1990.7463436849853,2026.339375142903,5068370437,-0.24929333239109594,3.43235233403593
2464.1220492890593,2499.298600566305,2437.1588918624007,2468.7629540050702,5253795386,0.47485058113154904,2.497273843659132
2277.6845448700196,2304.8260727010834,2288.9370342934294,2308.1410461333217,3670297229,2.2128687696765468,0.6112090643480647
2864.221313431532,2889.908717571038,2836.6641004479998,2878.8765477907154,4990621604,-0.22112531605962768,1.6701220564229737
2207.3153437150927,2234.6623147191863,2177.3325461226127,2210.153993208583,4175072775,0.47579682248605976,1.586769280984274
2287.1926176282273,2304.8316855976673,2281.2386099356086,2294.470779550826,3064417478,0.59621496174079,0.9122385673909799
2628.0106436347237,2647.818256767178,2594.2890317758834,2629.0133457433553,3874745395,0.4281273008046918,2.127913276432639
3105.0731423005996,3136.2507922517684,3073.657899682122,3111.9968628025485,3516656796,0.5266356692398153,1.7718664579896726
3054.5419442065836,3055.220937774843,3040.91321197874,3037.662619560831,3077733571,-0.7361468965671859,0.4589275518218084
2029.3328365462162,2046.9826513155065,1986.8679699196607,2013.147682367866,4708677272,-1.0429887037212477,2.5096791654493473
3041.2287273784464,3034.413811030042,3007.942758796724,3009.930148116984,3330606914,-1.7400397507684833,0.8319387527423975
2327.416061980201,2346.483003008646,2322.047032387421,2343.3364140619583,4253690614,0.37646418181565294,1.2737817498003206
1983.8115417247684,1973.3531669292897,1951.8004106964202,1960.0205621016346,4099011994,-1.872287431087748,1.019299129200459
2107.3304004851284,2098.7801674023513,2083.8695735042165,2105.089554983483,4505416949,0.3164412381091446,0.81054634667198
2304.8776313365784,2316.22518816116,2289.927404406599,2310.419221626994,3523069211,-0.44628730570433645,0.8945237156584733
2931.0445598188417,2947.73220176029,2892.519161992988,2922.145615613169,4633244829,-0.6832800120911156,2.02363200389793
2118.12562856234,2140.4641263635704,2064.12058724177,2121.441375719559,5046649616,-0.7505888167371647,2.9457217282441914
2419.6779745003,2432.1698511319264,2417.608353239922,2421.6588331563025,3960886419,0.9790769788476843,0.455706611543474
2035.3823649818967,2065.3444476743175,2045.4173215103378,2056.662015444468,2881666508,-0.7379895334668464,0.6252029528472319
2498.7033986220076,2479.6240474858355,2506.5138412399087,2510.4499133869967,2281013508,-0.055251162870130335,-1.213428552919094
2082.7555988625136,2092.790228598775,2054.8380660841276,2082.055540037837,4228534729,0.7807205437225714,1.3339535675358003
2834.3157491266356,2819.0516499124055,2835.2739181910965,2816.5067228103594,3665354753,-0.40885238468696067,-0.4254055977473491
2447.4494273640266,2472.3903143370685,2427.9414049505085,2439.9507203574635,3941287526,-0.7387602523170017,1.80947303021378
2869.2504231595,2876.805256234728,2836.9323425038724,2854.1696146880827,3727502038,-1.0436569429109728,1.505895734625414
2698.4445963850812,2735.670026503239,2673.796125686411,2702.9264190311196,4688326975,0.9866003641176256,2.5371580968237053
2755.5256830225158,2757.8516760902403,2710.352692383683,2737.662215766511,4003416883,0.7467583922321652,1.8917789351542629
3023.478336454466,3070.18923255979,3033.181164043699,3063.968575128833,3447228957,1.5198581636490878,1.2367689920112974
2816.2576824184116,2828.1285953596935,2822.204110752171,2836.0122654900097,3567040192,0.044516898769068794,0.33355156800903096
3213.129598508533,3212.9657735208953,3187.982090203313,3176.3916477070193,3125069253,-1.6920798972607332,0.564064927962301
2531.2442549518823,2554.013098625537,2500.9052667633187,2526.143018702297,5078169673,0.19465734129632764,2.295328152446383
2977.760463214907,2981.5802487097344,2961.2119229989844,2972.603365564412,4466850233,-0.32106566878112336,0.6286457547850709
2887.9170830720027,2915.548040354784,2871.257302458751,2904.6652061230425,2934834096,0.9735674365262201,1.1593361528661437
2520.978240798326,2521.4172708330716,2532.5115855797076,2529.2066298895247,2796848988,-0.3803895981102014,-0.37471345857967636
2278.276431238359,2304.799734677017,2283.9546696380617,2314.6238668007013,3606855713,1.6778272855174534,0.6683390297363196
1986.1157329066516,2015.159238089197,1969.1784297745564,2010.138349424556,4588796819,0.8031631949570587,1.8131250559891199
1931.501114203252,1934.6868872182276,1930.8532078803096,1927.002443038536,3084432466,0.2662819476811099,0.5376405965558512
2558.685288274874,2595.033486297239,2525.8864096862417,2552.4374675013296,4824864311,-0.040876685301506704,2.5747078616729357
2289.3115033172116,2288.786053213423,2311.438497039768,2311.084943019172,3183569390,0.7694917461676078,-0.8092417004455088
2524.2916210803132,2544.839955864953,2512.686356689421,2532.871492633175,4197680825,0.7116749370381225,1.8654299510269043
1974.879501859716,1980.5561579971175,1952.8610473719589,1961.3439776715288,4526895667,-0.7442615387303545,1.3569170656130847
2178.771613371291,2199.131423548619,2157.5176534567577,2177.014304438091,4639215423,0.09063602156474329,1.702323463831137
2095.217305042644,2081.6970855950435,2098.247659679351,2086.683828977131,2073230343,-0.00784811169916413,-0.6787020910436806
2538.0088894981523,2582.9356832982503,2496.659055478997,2565.448676370441,5693681998,0.9309271847778581,3.2748996086226723
3198.850894073938,3218.9764218211444,3181.0937675313703,3198.146212310636,4053135965,0.70135020176222,1.2231838226219516
2471.682422977245,2478.190486198301,2462.6773670695707,2487.654539596565,3664058207,1.2917384187550822,0.8291079042132771
2093.5210246580464,2106.0189126079067,2062.611057759848,2089.7734003296328,3969892972,0.3212285023398542,1.8243893596224972
2848.1777997840636,2877.1590416743893,2857.1926635098316,2889.8594935934484,4388877060,1.9001117370239735,0.5757129291700549
2863.0341506516284,2873.1600585945043,2818.621080426155,2840.6386837068135,4066823206,-1.038506896343076,1.8629179506293234
2319.7351571953227,2323.8123930796523,2300.980298778517,2310.1623132862446,2561134575,0.728800297459175,0.5596651789624474
1450.2696034092403,1480.989004652622,1443.9785140618749,1474.7229888000818,4090464441,1.6247081645839299,1.6669076760624248
1781.5650128778,1796.083481787303,1759.3481565205104,1782.611039390096,4726906028,0.975284072766443,1.364536812836121
2124.1904235586026,2155.462816507606,2095.8899980739584,2136.4232388002065,5840739375,0.7650602602339672,2.608291756323074
2624.233186645434,2620.479671665382,2588.8322937423522,2587.4282672769446,5055239589,-1.9664779502781844,1.8748315413786096
2653.1828865310727,2649.1844947392615,2627.034393046576,2622.844806684708,4438194502,-0.7230104270776354,0.9175835586492835
3090.1309062118858,3109.861929740528,3064.9498575638268,3092.5132326977155,3644424655,1.2832018427590668,1.3748851807679479
2356.1876470923453,2341.5101517714497,2361.8548429508896,2341.831552411277,3770899046,-0.8749330836169813,-0.6394661966361633
1918.026739183148,1939.220361015178,1920.8086406471284,1924.971066104702,3092369756,0.3966443330714094,0.8951729726499045
2324.8617333274956,2313.425578998444,2286.5517937382006,2285.338566730799,3180600587,-0.7491091742454989,1.0479098557854463
2140.9169705526583,2138.2489809044455,2128.894899610536,2127.9080427451295,3281269387,-0.8031309885527017,0.9690518674227299
2214.137754311689,2222.0389288038687,2234.986744039139,2225.729917104778,3627703003,0.7109026137729487,0.16521015643286252
2640.6306047787193,2669.858676943804,2633.481317775724,2662.1262363743103,4090532781,1.0196327121974296,1.351129215028276
2635.5021163475894,2648.1242106858167,2657.1007007242865,2662.302349068142,3212642132,1.2805150781647339,-0.03725479421309927
2638.3158311290076,2649.0254502081575,2630.748235042284,2638.3880496508073,3082801825,0.13390184608728758,0.7973106711011992
2585.9200686025647,2615.714829367756,2587.6629993011506,2606.7186475173335,3674922876,1.4904087329857774,0.9686327914477277
2469.3479784969236,2480.8185385264305,2465.098049527112,2483.3854273116694,3761071344,-0.26505411992462413,0.7237726852844789
2904.544729344076,2892.3501495238743,2910.38101201041,2909.475235360413,3017590923,-0.06946906996687338,-0.8178519269123591
3211.049181614844,3217.507331329125,3190.5129979962167,3200.148477389119,3881159121,-0.11959916232243195,0.494742296479906
1828.4588027918157,1853.7154915866226,1804.1135928346323,1836.727417976223,4139441359,1.218532775746324,2.0304657248733315
2462.743535703043,2479.4703620223936,2459.550033574801,2463.1217958994616,4275659641,0.6187973418046165,1.0274571934490482
2406.0924718490373,2415.2827626476824,2363.257651243332,2361.100433923393,5005426084,-2.3306218399006715,2.5558414722826406
2334.343363051825,2349.2146919224924,2328.278738653442,2355.4770116363948,3527196697,0.7937450629264051,0.6550722163021134
2591.6703125156537,2579.9957438931906,2575.4685914421016,2549.55093833149,2639953298,-3.4299462046163707,0.16302911415728247
2773.029085801211,2794.9847679325308,2776.6305947937817,2799.4855088375025,3796778711,1.5248729080863128,0.7076893318126992
2498.121785793698,2499.7679756479597,2475.959723612673,2499.7218543344247,3860643288,-0.3712138544940986,0.9313090480472843
3115.9627319572846,3115.272791519036,3093.1053989895217,3106.8234906860407,3731469417,-1.0481538444291216,0.7349163202804648
2697.7047429106033,2711.7604951039707,2665.488371616414,2692.643928519363,3523853635,-0.4556534655640702,1.4903587174615613
2864.527396939719,2868.4089292112435,2845.078779042933,2870.581102507751,2866347501,0.38511031508732113,0.5659950045501586
1650.514576593331,1660.424323792368,1630.3127811437494,1632.103297873802,3799412790,-0.9489656991786674,1.2960511627839364
2493.5402344934528,2504.1451497772796,2513.6017967349144,2521.4032317848987,2450008625,1.4182076554642578,-0.23424936312554448
2004.367872489344,1983.2111657317096,1994.5955904678174,1991.3905179532817,3912381785,-0.14060905916131658,0.4184071971091902
1802.7330412557794,1805.469396976393,1795.3248732488362,1791.0794687065738,4405623630,-0.8373136055828968,1.0264546371586858
2962.7580242287286,2967.648962894993,2926.7147439678706,2932.297368043371,4213903536,-1.1616954535865947,1.3877156133306763
3363.5411619399883,3382.5524511351373,3329.902663934367,3351.8722807888757,4819733655,-0.27396307583145685,1.6751194102513902
2445.8868542417554,2434.539026700462,2421.2725084776557,2431.4424935372126,3583235159,-1.604291586424304,0.9804414067157246
2977.8188270154583,2998.8342125850454,2985.47874685677,2991.8056652633527,3092464314,0.6375273336243257,0.3066033352758784
2560.5863066567676,2589.536405412475,2534.4676671394323,2549.2290899821455,5066995077,-0.6126676988149261,2.220969628629345
2354.027404846977,2367.661971084695,2381.424282721878,2379.18188068408,2546529190,2.2593363688938353,-0.31449319332525566
2194.390714719658,2185.0589051843804,2171.438646357968,2159.5012634386217,3483897169,-1.9073526405019163,0.7707495874178376
2979.6161123070533,2983.025739150381,2983.251187985459,2980.8856276731635,3819352800,0.03920278888956866,-0.12043223916598182
2780.8975904865824,2773.920967830377,2754.884954864601,2751.135384084186,2739329483,-1.8986004374544287,0.18261468629674257
2602.1755582361347,2594.1047048441146,2585.8912235039365,2583.000870406294,3784221303,-1.3147725045338876,0.617987399443345
2620.5638965230673,2622.6413302355136,2577.076413994954,2586.927689223447,4341859481,-1.8760420083968434,1.2619711873313753
2282.751833556155,2306.604865048447,2263.6325789594803,2302.961923912744,5281046152,1.7458827102157661,1.4355581657391976
2196.982743918884,2200.01101857839,2161.8204597237805,2160.565894206586,4518192767,-1.819963938296096,1.7441021085002344
2178.252967120228,2179.903355326371,2146.7486974090166,2163.6400638060245,4400103865,-0.3665054231254691,1.3174505256516542
2441.0665749140308,2446.0286915590377,2412.040921367953,2409.5692560211755,3700960325,-2.0116750789435565,1.5254896880055948
2604.415023220888,2602.130313073394,2576.611348881911,2585.6570309855215,4661505175,-0.6675314680358948,1.4440266006344629
3154.6426843114336,3158.3001624865096,3110.9463318650423,3134.596696476229,4835167576,-1.3265473303970496,2.246333323964767
2467.407232142529,2474.599986692035,2460.934902759685,2457.464171102343,3478444697,-0.30965273377529035,0.4886500151636384
2665.1095584574646,2699.5258792454315,2635.112722132254,2663.8866095478306,5235672380,0.5619837085552587,2.4081572268140636
3096.886924788724,3133.3215052970972,3031.569307685288,3073.290538274947,5408301533,-1.6237213423726755,3.4619840127611123
2618.164172591864,2634.835267508748,2645.752892671724,2635.725626532108,2291373004,-0.1787004416413203,-0.7999427151079125
1785.3561132812886,1794.9598344413942,1740.3991602114706,1751.4014546248459,5854410414,-2.496643039018792,2.671081890621959
2867.4968579492347,2895.7422096141445,2846.4163287754636,2886.9859792588018,5160573070,1.2173088787363289,2.045605714461058
2311.194227261174,2334.5643497592764,2307.729155373228,2335.505055950153,4680303712,1.132537154081031,1.5593779509864198
2341.1542756411814,2351.6220697817853,2304.281067523528,2320.8471886864154,4039419117,-0.13034040892348467,2.005995649917498
2364.85521807993,2404.461412733781,2375.114158367276,2415.17784330463,3339664834,2.642161021710748,1.1609811108351358
2935.1888144862223,2959.534452163475,2903.840407708053,2935.4577250682855,4587757308,0.4143190072865411,2.191563883607747
2769.9337830657723,2785.97392841346,2745.373988057333,2772.1921329886623,3662074387,0.6185886981985653,1.3524684941400598
2567.8738529923553,2600.8816659936747,2537.881070850182,2576.969137249455,4489036629,0.3247658904850825,2.268680196708735
2587.4248118377213,2591.4344664050504,2595.1279959183257,2586.71518808775,3192237863,0.11132748619498321,-0.36215709290043624
2454.9557072622342,2494.7418863960497,2462.345927078718,2489.466482317963,3419100883,0.9569812563500053,1.0726549229411513
1964.5999001026694,1991.0348686372135,1960.3250875533695,1984.1121054141317,4498561025,0.7180254100579387,1.3644098931554212
2337.427055098796,2366.4350092109453,2328.261187493636,2329.7507168646684,4576643367,-1.2495062327959237,1.8059387681440526
1558.4813728268703,1548.7206392434537,1555.760585500261,1569.1124341055656,2522761475,0.523342072284531,-0.09264943076816033
2382.0154182505735,2387.0268217739713,2397.047641725999,2411.686413265132,3043213755,1.0397392899716826,-0.4781065612536034
2372.769521324864,2364.2534475131065,2364.164862405233,2350.5734055360244,3594923464,-1.16213947632302,0.5210455347643789
2694.2311378801023,2714.2538543031164,2714.1397032776918,2736.881936013299,3521017125,2.2418440311075,0.178708780337548
2462.0042118346573,2444.6566718364584,2440.0136230105536,2422.337770946754,3059451283,-1.5643457723242353,0.23538670540683987
2716.997422933956,2726.864198330196,2719.9518327112446,2715.972592624107,2703264784,-0.06471295436063648,0.2096132989072434
2885.4536575211814,2908.5664237163446,2894.153673497198,2926.6853059857185,4137597811,2.2627126663952577,0.6140233373922922
3040.9680605742456,3038.9261289771466,3066.257734675891,3051.7872448756075,2091688091,1.2174313565224992,-0.6499070309719358
2590.592276406659,2625.3939614583364,2583.6045724501555,2628.2224092337015,3885281822,1.8224088945608214,1.1356513364275485
1835.5970661846804,1878.2808074738662,1827.3121885639669,1893.1869341549127,4780348276,3.1427577493415773,2.5325714533384955
2593.1849335880884,2589.126099068375,2560.8988451398022,2568.735969604845,3756126543,-0.6982910406139801,0.9451387947545006
2273.017817866806,2320.5804473213607,2250.6857976321735,2295.0611988494,6031981010,0.9650843679400599,3.0935588842586994
3010.1456000369662,3016.705970786632,3002.234561339433,3000.852934696074,3298521671,-1.2024503822873243,0.5858995951531297
2259.7951562759945,2284.982966326821,2283.3728800976924,2299.470927956561,3933962801,3.4261314160045107,0.17332779005237764
2238.121862698606,2239.803787842188,2215.996246627544,2232.8056952580982,3447862586,-0.6829696969875614,0.8026016282549013
3121.6839601683414,3124.330624029933,3076.4861505100416,3087.915064238905,4553536255,-2.268703170870319,1.720641475888872
2794.8839493798055,2806.4608558210184,2778.87396611611,2779.243786382027,3559953276,-0.7770092314238963,0.943890067412734
2406.464822575331,2423.5504960722246,2394.112771503967,2413.1853676420537,3874637322,0.07234397246897706,1.3763262332992385
2441.593024385139,2464.8499597088266,2444.7286482118784,2459.925389504479,3020195404,1.2616296492498666,0.8418207692669931
1982.3807242538946,1961.3415227099358,1952.6973299798342,1942.3414974714972,2727228570,-2.9118658220745792,0.46712657315566486
2382.795922130049,2394.2564233028916,2320.048124690602,2350.713864189761,5134449987,-1.8904329241177384,2.9937723974431143
2514.8380145204637,2534.2692694479233,2503.7485942883563,2520.9078270939535,3577690417,-0.23712497426881746,1.2627191025654914
2420.214752933355,2426.7271187347997,2410.7583144705795,2432.383524122595,2768716160,1.6261908785833852,0.2826385396872592
2184.2274538001543,2186.87982385688,2176.933184160837,2182.462300122108,3560049790,-0.05871689676920187,0.9021695075431356
2718.1587467396303,2701.4982868151383,2679.913293483144,2659.475281258897,3642369951,-2.0251949297900547,1.175794699799492
3171.8738456785263,3204.335259396868,3181.6448461522596,3215.533108295742,4069387202,1.8412510019663306,0.5369537045149738
3015.14628796699,3047.1692793176335,2993.4241439346724,3018.5813057694495,5624210529,0.009921989715736775,1.9313568722403256
2191.204767912191,2217.7872354799633,2157.102400153098,2189.8470154019637,5561404941,-0.12627456612493176,2.435643855388618
2049.1406024803614,2047.3608351725215,2044.887135821182,2040.2012758157273,3813962180,-0.16061377901927942,0.7172929786562928
2543.2307740386923,2552.405578065603,2525.748747737156,2539.278381184593,3672640939,0.8258866758465447,0.7271937848515213
2113.950437494774,2133.5579021849176,2101.6265988756327,2111.9702292705665,3876388778,-0.15008820404948703,1.2360671023122778
2918.734050141319,2951.5623144576034,2918.545729271266,2939.387451122409,3320038564,2.303261922529317,1.1192694738754692
2031.9884551739729,2060.045254700242,2001.5149672153777,2023.0223018027173,4856118427,-0.019152214168301516,1.861831353081845
2909.6240787184543,2916.117215896151,2905.2617578711097,2901.096234189912,4344883598,0.06996896669180336,-0.01577088770682513
2553.9413911631837,2534.4570003558274,2527.4194720329747,2517.1622532440288,3759425411,-1.3902987004039513,0.6562672940243097
3098.5707290861747,3117.860098358136,3065.7863708705017,3099.9365965427496,3978354454,-0.42504557164614587,1.4194052515267774
2269.6041831004336,2277.248346860246,2293.4972178968605,2294.5132956122097,2691148781,0.47144511981866605,0.06595198210883
3261.575230099276,3301.1336634237114,3252.7741939113644,3275.856494577731,4334431451,0.872975564146785,1.8966695633772082
2311.5318099552214,2338.1707146480444,2291.0213371670807,2317.781963411516,4152003002,1.3394670628712648,1.8186205581330226
2570.125499611394,2578.305799763716,2581.2166134603262,2591.902582320103,3814696973,1.4367632260899803,-0.0400924114531928
2438.8510738200584,2457.0707996953856,2413.2103619377967,2438.660374772588,3720787066,0.45178329477916673,1.5107433532197738
2422.164219159389,2443.646174043413,2435.111789341295,2430.0945757572335,2538874259,0.5008992450714601,0.02458067012457994
2381.7817459413827,2362.520603610452,2352.022789659733,2354.866767180407,3842453129,-1.4930797884210523,0.6960231908141699
2896.620363178399,2907.2480254602415,2855.9306798964067,2861.474763007091,3937116057,-1.2027413378146614,1.9969313878407762
2406.673820624437,2448.7280316483416,2384.6097038265634,2429.1545749879497,5286855457,1.7016602083834547,2.348405403422905
2495.1905140335634,2521.6172236862963,2503.1782291324157,2529.17822561646,4308537534,0.9112648048006219,0.8475556378403208
2132.681438039945,2136.9130857163213,2107.3626669372934,2110.998165780503,5349472835,-0.819141718026194,1.495608773732182
2460.993579031324,2438.508290055876,2467.7918770754573,2447.079051845081,1960285696,-0.6244810828331503,-0.8002759992212349
3146.1156237692917,3147.187444374198,3099.109410056878,3100.1076389391774,5516171780,-2.332798745155992,1.869224469493746
2779.2193656941963,2787.2888937862826,2772.887628601222,2793.061297797766,3821645977,-0.05359804105048782,0.6925189775459916
2842.8764693378407,2832.869408281359,2787.8565725115186,2803.237180083805,4226300454,-2.4687618632736936,1.871562132340477
2227.855592191798,2248.690021408812,2217.5355424571994,2255.4350170117473,4129351206,1.2180859849019003,1.302732570708271
2940.156673939573,2969.5829612895764,2936.5958204615513,2951.1848583529636,3126914744,-0.34319610506929155,0.9278114567391947
2797.3481747986,2803.5690233220407,2772.7323880422136,2783.1871657875254,3389812662,-0.4919480937119258,0.8608584175709737
1919.7983384247711,1890.22553260579,1919.059589627228,1875.713766414073,1796525386,-1.5287439083687557,-0.9819414970793298
2330.761721240621,2338.235661168254,2310.3228082252103,2341.7119756750562,3623229434,1.335626018578675,1.3011455233608398
3206.0107252703574,3242.915779969672,3188.337922217244,3230.587906441841,6225648603,1.4251236669555258,2.238409797849661
2172.5780010456897,2182.2977574373176,2138.0997440772453,2152.714228342004,4795350880,-1.3420766131890824,2.2689337056960226
2869.850508347515,2888.161908888422,2868.2113562373847,2888.682441598996,2734941012,0.6028017622633601,0.9961831549518996
2098.9198824787504,2097.052501572461,2095.270498942416,2105.4648560998,4122762052,0.6467735322998976,0.175721600023434
2171.25325337852,2160.707077421121,2143.677096352861,2143.404093495013,4089421948,-1.2765619485424713,0.8716107258530515
2446.4439565507914,2472.6756446867084,2471.273637533399,2493.20418763069,2507093631,2.333001276268576,-0.5861397103218082
2052.4034487301597,2068.183123239419,2043.5019395024883,2080.3930843686985,3878615332,2.1871069769742015,1.1172588081306258
2961.093725482046,2979.303461064511,2945.778439700189,2964.6597032907816,4182513658,-0.05822797427284506,1.3785401712879901
2629.712807697591,2610.4023848687993,2610.892658780042,2612.623016349464,2324827943,-1.2314178395107211,-0.09096488522677411
2645.483673372053,2661.527139527375,2645.477588558619,2668.6745406318646,3229384376,2.0430813096951086,0.3419577737519733
3055.605560065092,3060.597380702233,3079.52334796804,3094.1979931551687,1324830274,1.8365640156771723,-1.0745890160702356
2176.6338861644776,2199.6540022045324,2172.2383374340116,2198.8110383772464,3577147409,1.3187669872238164,1.6235085709875035
2472.039438506594,2498.6598385914053,2463.317963112728,2498.0102598306757,3840433386,1.3051087515981583,1.1474404400351028
2299.1214115102093,2325.6610159859715,2283.556377137827,2305.156321283618,3260558238,0.5955152658777529,1.5450587845048094
2133.4691700117096,2156.50381408585,2113.8288631912574,2143.3870199173734,4715785478,-0.21369723349520864,2.322061666858004
2509.068329595857,2512.0981775139244,2486.403675232399,2497.4260937338036,4083287807,-0.5860691081766792,1.4132021059744928
2341.3306060934874,2363.2993801454227,2315.5417736115874,2349.930021472296,3900017761,0.19917531315812154,1.6633645675483482
2216.5753600821263,2220.321742333533,2190.97037033617,2206.3766360526593,3682309202,-0.5540797865332477,1.4889399639585148
2614.1560007282483,2651.192569560226,2608.008151375594,2650.7870216514507,4588547249,1.7541595436324722,1.5206984125354572
2120.605554900369,2138.4495187710127,2118.60152573531,2114.055593407933,3098531908,-0.28498107138969997,0.7724597877586011
2506.216327863833,2498.8662560228377,2446.485731059449,2463.267848004463,4670495761,-1.8200643681839819,2.572127409831989
2673.0472122539077,2662.4751761802945,2647.566130811131,2653.490349253633,3209662499,0.07509516722772543,0.5861709320496461
2142.0912583429686,2157.701165750187,2136.4997571518084,2157.326234333545,3773047462,0.14644723597131143,1.1428042985792497
2505.986615758402,2506.889894273095,2473.45659335585,2499.4084301448224,3910467745,0.6224754215057796,1.3047921695352382
2620.555892666401,2624.5036660872806,2640.1193954035584,2642.7021727937426,3194853107,-0.025345239126867564,-0.5664028697370818
3471.446141120319,3522.8230332650664,3433.4779756597986,3472.2393856945478,6239161771,-0.3426068994074337,2.318047796333721
2939.1623079951396,2952.214946635439,2906.422485576477,2937.4336674942756,3894161680,-0.6136423078467116,1.5651234518702724
3863.1405082922483,3877.312781063233,3863.5925554455557,3884.460921002622,3766201099,1.2302473279993362,0.5758094579722003
3538.706912388264,3548.6337580657328,3526.3502197261973,3532.6285079163417,4608351780,0.1408500618304875,1.1273398815540319
5092.956841059889,5133.929022387622,5075.742530850325,5148.163521975838,5145113297,0.6911606166482123,1.0737164230952918
4339.3299009436505,4324.117186550346,4317.62580795944,4292.205841014503,4601719214,-0.4451535436183684,0.4223291277762397
4148.914394168192,4204.155428599002,4170.286231697596,4206.942173351797,2316864143,1.665625247129763,0.8326782313653298
4367.3892764997245,4375.540502742735,4363.613734308268,4374.819698403684,3634167962,0.44247497523308765,0.24768144099732506
3807.41149548526,3849.727488884681,3815.27960536256,3864.7278798232155,4640017218,1.372788104796222,0.9118347882523778
4997.974097795151,4998.065048957491,4965.073203330217,4989.248649741008,5152351259,-0.075710191122373,0.6115067963924631
3482.4510539181238,3519.80094686845,3435.296030850711,3473.391818176597,4846103824,-0.14413603544639222,2.506440328837721
4281.678518970882,4345.974591967099,4282.023724058431,4361.8522480444235,5847069527,1.6344582857868701,1.360428644376058
4459.677104733573,4498.841471510184,4448.091777771414,4467.790171813816,5183369774,0.5772831772233956,1.2391756026503122
5051.200280035898,5077.477273754877,5035.122359266426,5056.069202838337,3120987774,-0.24595590094563433,0.898693352109196
6527.577677628147,6537.871327029191,6545.304284336368,6536.38647133623,3446319955,0.08420734962222341,-0.7894354099445434
5010.060688903273,5046.514527007394,4978.142674897544,5005.8398897202815,3611739544,-0.24209201829514954,1.4992576251196827
4344.308968671866,4369.310938705939,4330.6421406361715,4333.917189873375,2564135567,-0.6861875699259702,1.1363706451804636
3920.6256129474705,3970.2440684277385,3887.379407461129,3937.810856486292,5490676984,0.4838136838030013,2.1108994632769256
4660.160583943669,4671.484932853452,4674.641576954707,4694.209076024464,3911840944,-0.014731065846667632,-0.3365844223815176
3753.654491690241,3800.341086364292,3745.4965028126726,3795.9334690099217,4479994186,0.9620700272467889,1.5594807328728264
2314.4461553307037,2379.2816086648004,2293.0494276304266,2377.042596067621,4855730431,1.2645655041935746,2.366207107815474
3393.1076793209277,3408.2601861435514,3323.5819587957676,3333.9875957703753,4645885776,-1.8778451231713822,2.284342894729049
4008.6703030405947,4020.419269733637,3983.672391128409,3970.4883645598384,4225816865,-0.33714976675285224,1.0110151175866642
4336.320957533573,4350.29757032088,4306.502013706765,4347.997384197856,5636693745,-0.2233693761694725,1.285132304016135
3122.3188524161205,3165.6995245133876,3052.3254267307016,3103.3516802863674,5662700879,-0.5239320470619616,3.2464807410965175
5505.0819504244355,5502.540112896771,5486.894552855209,5472.6638884065005,3759955821,-0.13413913901852623,0.1154843337828991
4168.388477110116,4175.644514163476,4081.176458555429,4086.2788431690874,4466824357,-2.1566669394061124,2.243276653628722
4771.533113969895,4773.2124757536385,4726.683887867519,4791.145468642926,2097434788,0.09463351130789126,0.7860219560459518
4438.601967784082,4438.751653323086,4429.214250546174,4416.36556186253,3476251873,-0.015294182110389588,0.1497460881293251
5344.712578229871,5377.186163572931,5301.831671469099,5338.110613528825,4555837352,-0.04272919578200383,1.662640636765133
4944.672444286603,4986.195940588866,4897.8936857074505,4955.617567954312,3410290943,0.3241459384981247,2.0332407604679337
3697.431005015222,3720.7050064000236,3659.605666004675,3693.6787547341,5313702708,0.2999095415292859,1.5512681440275258
6113.699296763994,6120.779813998482,6041.756275878085,6069.503783825536,4527926468,-0.9845003320825649,1.1782034637204784
4329.675187301865,4368.470548071228,4258.109116458482,4332.0122639274405,5214231731,-0.6054866537982313,2.5319355795861895
4957.555697921579,5013.239274942069,4947.660233186407,4993.034020305224,5566579417,0.6675642243635631,1.4260469361886192
5088.836509772274,5105.583312284535,5082.2677099679895,5089.372569098552,4581301613,0.5288993455287856,0.7599475974252341
4194.146650985466,4194.393272173701,4110.24508832131,4124.675947812363,4847231530,-1.3867423766804539,2.033951479619393
3641.270385948443,3688.9184478990064,3612.8580576215113,3689.3181060094153,6298871723,1.2049656225327805,2.2263576171487425
4573.5932249161815,4608.682049398507,4562.8160338117505,4577.443420772263,5376700656,0.00225324675472273,1.125304950052718
5422.244591469835,5443.290800214583,5366.334875878862,5395.529553888845,3755953301,0.33288986371562496,1.649128251726874
5011.845047172097,5044.4253646239695,4971.037395960664,4992.325006420299,3885914863,-0.1633601187644688,1.7155630454791713
5019.62406876191,5046.974388602658,4981.106083633101,5010.815239864914,3939642527,0.7714032048366765,1.3225989513046044
5172.5565244353165,5215.702724496983,5101.018640224715,5157.589816979911,4794292077,-0.5678684110239338,2.80606867530634
5021.266895534125,5058.749993695352,5026.76781493411,5043.204733297449,3587376750,0.893331977227255,0.4688834426125097
4942.3059969306805,5016.743170167274,4912.455010464307,4982.102184764424,4430252605,0.12746186594765652,2.1029944214929133
3843.9491508650494,3858.2715826870262,3805.867240632563,3847.909995738561,4353785873,0.559018832027253,1.473191775774866
3243.7667065925384,3278.905257483712,3273.6161042792883,3301.1150220380864,5144242338,1.6140769636521193,0.3604629702930555
4731.106472799343,4733.8216800605405,4667.850099403403,4711.121784962785,3135012186,0.12297737616917999,1.2872954538637218
4653.661409485179,4662.205211242198,4587.211661966952,4605.649581333367,4448521959,-1.1071273926516065,1.4395120156052263
4060.1455297157513,4111.645646905574,4008.271362994345,4069.576462727074,5693387918,-0.3037588397295676,2.564826558128557
4428.868714237374,4448.741196934442,4391.034210704438,4392.239621418729,4204623689,-0.977284725181368,1.3529463408256008
3230.850181303595,3259.3032817063654,3213.89174776955,3263.8005661886878,4749522211,1.3047117612543877,1.1718237000962761
4242.242144500744,4266.4111625939895,4215.218402900832,4244.621357841653,5316502828,0.18493392604237646,1.1736162177270761
3809.5779606858,3802.9840066011093,3763.6713541107465,3738.3645584053083,4541090889,-2.2794065699407815,0.9898543207631806
5368.258990424736,5394.729645401409,5337.547562381054,5357.87544674341,4514178688,0.5017532620880768,1.1686434917600275
4452.306531213898,4465.802973465442,4402.720867125644,4412.680641909873,4659572912,-1.730464025196629,1.3102771360987508
4736.2037955368905,4725.011682869286,4678.905674066898,4685.641970725578,4018209924,-1.4715613119757107,1.1227174994929376
4603.198100136545,4659.221080430286,4617.455965566031,4660.306379731277,4011928752,2.0343775463533085,1.0684268133952761
3182.5786429376467,3216.5044416290984,3130.66560349228,3165.541244170582,5757179374,-0.7712471785335048,2.4633658354096504
5205.417495302009,5237.63641272523,5208.581862340392,5264.5789377289175,4047006773,0.9820075734481575,0.4145989278212637
4008.1178453801813,4013.5662750821903,3998.0221950506652,3997.446778647224,5252006425,-0.44229193223271257,0.627365378129884
3313.653763040842,3342.466032148258,3321.9400731687942,3340.9467950680873,3393490439,0.06777665554097828,0.5280144997360318
5635.769876089945,5628.660354129416,5591.267156370415,5609.725291141351,3201072128,-0.36892496309982525,0.041167844084316806
5125.942915225407,5162.6962538162425,5136.033297102108,5182.951343560204,4412351929,1.0113311169679196,0.43232676705508566
4679.736917313154,4686.617245244403,4645.051353336553,4687.495264256201,2374886784,-0.6095569723250914,0.9762357373528987
4866.700700082064,4873.3775292177925,4809.629966074392,4816.533786125287,4061734383,-0.7375654976774434,1.6366231505343034
4695.99277901319,4730.6923842742135,4706.866439043611,4760.190568566545,2866112442,1.1489878174742567,0.4055928196700872
3811.5414962741625,3810.135604170553,3769.2267284940144,3782.0621995165675,4967642048,-0.9548140931799333,1.2228911154944297
4701.929617689205,4718.366663456838,4692.338256507517,4714.745977388613,3877619844,0.54963259638455,0.503271204109786
3798.686374394617,3834.358874722824,3786.4554857779053,3805.3110953420924,4102447499,0.6025465472900163,1.4541581946090536
4880.332842377223,4932.407220448984,4882.023485837375,4905.441815907472,3875979274,0.4715280625081407,1.4144127214489899
3497.0865141609734,3496.2019635881384,3476.6405514910116,3497.3698207470234,4551278222,-0.07446392330152514,0.5785966348015675
4337.297953475229,4350.874879526929,4300.826423700144,4311.9755296342655,5062140928,-0.7028467331114825,1.21989252505543
4893.391296928044,4944.999617269978,4852.255975397445,4931.259940056369,4982702129,0.21607320572355349,1.8851858722265804
3876.7379528729284,3914.4439794018886,3858.139807082154,3885.8593131131547,3961059339,0.6519867169498179,1.3760272476176263
4667.376525427706,4687.674474868067,4678.700078775955,4658.300625601712,3662404930,0.0487841292780197,0.41326956254980574
3822.4695875030425,3848.0289700693334,3775.3078752805263,3802.7674618633005,6166542006,0.4493609820808085,1.9363141836021849
4344.451812161009,4396.618614124984,4304.634549775875,4349.831469758702,4934855135,-0.6295829036969237,1.8355107744467967
4754.965525573598,4774.925465504607,4751.053388093297,4783.379300133437,3869379647,0.18597729284945572,0.024908824347359054
5015.93413691698,5069.564275432138,4987.970162432916,5037.136688787547,5372678116,0.28122023240126026,1.618518759736801
3868.903408649686,3894.631076350454,3876.3893484247,3924.5440754209976,3224082619,1.1262896886544234,0.6613257377371335
4240.816160957923,4272.888638963297,4238.738993686263,4236.463975720415,3309617935,-0.11240118275426893,1.090693621712384
4590.871412551092,4584.987522273655,4536.163357418381,4543.135596474062,3184974208,-1.0109384533031323,0.7986820113047144
3897.0199483640968,3935.937118012732,3919.2638488749462,3945.3438581188934,3407334015,0.7462495080455702,0.07024293254889259
5937.175147943714,5973.1696133284695,5934.027976961044,5964.625729072866,3156327051,0.6758775800215888,0.4256251567101416
5172.993176055311,5220.503547416477,5140.165539342907,5201.237284524159,4207088255,0.19250086087353624,1.8020166468073258
3463.9510133988847,3474.302792469817,3436.2101360389,3442.810954650009,4989927662,-0.25712194002674343,1.1215676898768465
4193.309684948112,4231.20308943087,4175.339058220914,4239.295065230304,4354564076,0.9546167021390926,1.4800786924744214
4158.632784061752,4185.68076743173,4164.978261095855,4183.175776507365,3677392156,1.4035398909616545,0.7415693112834264
3910.6259113167557,3896.4841599896718,3894.6231066240944,3882.106960817246,2962085253,-0.38695061681687376,0.0985414334098683
5478.826703083369,5495.954025407033,5423.31731400849,5433.914850151636,4913426780,-1.0018835022337074,1.6078344922786227
4808.3882699785945,4849.879663271064,4773.599174245364,4797.183881132123,3980222475,-0.5965679069378139,1.473288817086221
4751.733754942683,4788.012638991485,4726.749126940547,4767.77389635939,3974245213,-0.20429551767262813,1.560906508567116
3832.8470677012497,3856.765178980006,3850.637433437473,3871.2229071522106,4961617120,1.4790037607243862,0.339803994104123
5234.506797582059,5292.025275280226,5264.138180740532,5305.203441693419,4458818285,2.3282670348437695,0.4429052638125094
4480.21623811426,4529.298115461208,4411.932080085695,4433.393815598086,5085030356,-0.43994112097798865,2.413458790363023
3905.377391264616,3949.338264886794,3871.4458723924704,3912.6844330660856,6059350146,0.18686527553566754,1.7929185068827183
5155.676931784636,5183.236096550305,5142.888813888874,5193.027431653959,3404117221,0.012031813155077875,0.5847082696665363
4968.6531267417495,5009.811934257982,4990.514291036747,5026.346257821135,3708281231,1.5825322744664112,0.1038164433543019
3472.4065235698954,3473.9931877366857,3466.6697348939015,3503.3438791254453,4073096073,0.7278787956366828,0.42915240246038494
3824.91521247002,3804.481156915985,3817.623191298802,3782.0277879998716,3466664817,-0.6830473082990919,-0.09563044677880106
3698.7071711846943,3718.166944471601,3705.3457862492296,3726.6303691852263,2910603894,0.32004899276806664,0.6408552915285581
4258.082112380981,4269.784574738146,4203.363331835231,4244.811170205525,4992851399,-0.001539208623749059,1.7056340910404646
3923.0647122795426,3991.383428630005,3936.0833257819368,3987.15126965167,4185341781,1.8743621211218922,1.2500250317673385
5844.271807621055,5872.66146409666,5779.242297790087,5805.725823861903,4604890760,-0.6151838056683699,1.574427279590674
4941.234636392148,4945.740655845788,4912.445443917848,4918.280474064112,3304654284,-0.44309469748735025,0.5946611719926016
3100.7488547169123,3090.328825462011,3050.367431515347,3077.0877050294407,4807666337,-0.3496079158396705,1.3872100560704683
3146.733047537701,3202.5050911435897,3097.469262028045,3136.49945199515,5007556432,-0.26797146176957404,2.704033695029175
3563.1718775743793,3602.747078943808,3524.1297197357935,3567.0055989197926,6157053116,0.5752260695914101,1.7998515313295556
4569.420112101888,4601.788859877817,4524.075615364404,4566.487974425015,4520009188,0.061734726418002345,1.8776412799396514
4498.955581574359,4501.364782408755,4508.717826752243,4511.074260995192,5163615875,0.6542456170425872,-0.12395601433191193
3791.721254853795,3835.6535561804753,3802.1626287508707,3892.492864976757,3517934224,2.0986708772666236,0.9075883440318413
4473.302553244964,4511.383446795887,4473.429506831636,4496.6673934852015,4314382948,0.9776327538811291,0.8040705850244606
4387.674806510697,4423.823523946184,4365.153435929136,4430.055664869977,3747137062,1.1142104902025032,1.2800621925103401
3808.6266688039273,3816.8620293694767,3784.931387187588,3801.769174306197,4723601344,-0.11215137315552944,0.6319512621041726
4480.330860210682,4493.69881586743,4495.989818453829,4478.661840924839,4687155866,1.1092741657316245,-0.08397513622833427
4959.07773300439,4943.361468644793,4895.198489487788,4894.309825155912,4628195808,-1.6033935728317787,1.2121551415008738
4505.505955291956,4539.340762532766,4539.865395769938,4554.482460280666,3114873713,1.4923561680442827,0.09604740448098541
4278.0982201486195,4342.344783132948,4275.9119819644275,4353.21420820517,5356599182,1.9470364071919932,1.6605477083833657
4625.091707566869,4640.198477373265,4613.398628396414,4623.806082067594,4425675165,-0.6015753347225558,0.9250375020405008
4093.1624756774045,4097.861064160484,4038.60010425379,4071.9643338998676,5189534136,-1.130405163540845,1.279454430980798
5331.373953427157,5348.051989635397,5274.206224189636,5297.612609311623,4298782423,-1.3878545961070625,1.6638587156221147
4362.9118788456935,4377.939382558285,4326.978762617456,4330.640626433257,5792496655,-0.765457381614706,1.0131930308331596
4207.297197208954,4218.326677998597,4178.500943151176,4208.851558203808,3772371462,0.8158007084858213,1.1300341252542152
3569.3799347786257,3589.9935732975005,3571.734838476118,3597.335399045296,3660895327,1.371605412337396,0.608471593247665
4633.872086014213,4683.222268375868,4590.815437061769,4654.968372534482,4738374582,1.17482551202938,1.8044068274409717
4411.868057344205,4421.528447282536,4373.179155195658,4421.979577621839,3722178331,-0.8310537086441709,1.1637582787287646
3309.164493444636,3337.1395370042715,3259.362104482972,3306.362245354098,3454793235,0.19172025431713852,2.046524917216095
4919.282823473011,4950.377742268789,4896.282890729815,4920.5392073964695,4706048566,0.042118815907814626,1.1639799028204145
4637.458213307779,4673.465343300121,4626.139892739867,4645.678340979926,4728397900,0.4739505886900267,1.276408975247685
4933.939977257466,4931.405173366155,4926.254421662623,4918.048667509192,4271689438,0.1422853440065818,0.1391053048356891
5229.093126564446,5240.677126430978,5172.3713760354885,5198.796781042602,4646512131,-1.0550280518172903,1.2298203913257175
4214.877057644804,4215.381600074427,4184.727816075939,4197.965392258657,3126242267,-0.5837076028162085,0.8792552161242869
4406.2032923518855,4452.428104315505,4382.251258289546,4422.697544529614,4042407262,-0.021734966134002467,1.6788839107254396
5186.8441278619675,5169.776066223807,5115.361182741776,5111.959736592619,4781672073,-2.4447224902480795,1.3815710882139136
4493.93609250791,4505.549923164439,4455.083484910175,4450.328296631952,6166220246,-1.038549327520653,1.1637344123409852
4902.102370684804,4927.827531040926,4866.618387039245,4911.661877150373,4130310960,0.8204171433002452,1.238104402001513
4540.912198935459,4570.675512568214,4543.7407106270375,4558.526450406953,5784376271,0.015307177862675174,0.52526687667533
4754.964744951776,4799.860397295247,4739.521252341078,4753.794365341682,3554992502,0.3767999848762304,1.504915040769495
3240.1347653981798,3241.1538843438957,3173.0511929479053,3181.7968870064246,3308654606,-1.708270544583248,1.5093079647466134
5325.8349885289435,5340.635778230027,5289.486762613542,5342.521616143583,4317861429,0.24239095315800765,0.9339252183857532
4536.737536753568,4566.948019835809,4519.193596381216,4569.892406102406,5200586667,0.999649568772663,1.3067827545485364
4236.596794407574,4292.199621803618,4230.6887973538,4256.921087398135,5290244114,1.0823455102272548,1.714388765139342
5192.908656629745,5204.117821864476,5160.440595487345,5193.824350008081,4130141826,-0.3932324285763268,0.743514765111012
4270.206237187702,4276.694885798229,4237.870735074415,4242.427931611021,4001517300,-0.39500999449116125,0.7061834697655884
5157.08024172383,5208.01378756793,5165.49120320912,5209.452873016124,3578358645,1.9909306889589682,0.5115416661855461
3509.5143505642172,3562.4350812465696,3506.330018425901,3576.800133473575,4056436160,1.3656750209647375,1.2280989681781436
4166.523661697394,4192.303041433657,4108.169083535176,4148.326884208716,5514972622,0.013745216219222249,2.108120881307755
5324.186675079505,5342.9026787029925,5319.136875206728,5341.365246524748,3204890068,-0.22817647448495718,0.3591053353242925
4144.223204461312,4138.194130806564,4099.174619014775,4109.258051089819,4333932653,-1.0777406336978363,0.9728291896372253
5050.210188828931,5099.923096722492,5048.543855845735,5065.555502779438,4383139190,0.4013446734357237,1.1409352695103165
3671.8130638252146,3682.402022250126,3618.2098471017484,3661.06813970482,5406090105,0.4370317180027774,1.5065930877052205
4345.219728137069,4360.214577895291,4267.992574248293,4319.727046436892,3666363911,-0.9244200623342619,2.1527820050417965
5302.53237207411,5299.888296171528,5258.666134213228,5256.218233907087,3372247178,-0.16262917353671336,0.6778841749224891
5247.518881016023,5276.52255886806,5191.940758991592,5221.099039255901,3198964371,-0.8799251156734433,1.5725629984662635
4637.149790904645,4690.6020000120825,4633.253745464792,4680.727463878158,4030702575,1.548683983045588,1.2021029330087543
4433.357518786554,4458.003854580297,4408.678674832243,4442.22007931001,6157759671,-0.008476817225729613,1.3103802252697492
4600.588998369269,4667.227621122877,4546.870965077194,4605.48067037633,6520106790,0.026985380655915936,2.541778315442945
4168.210796538727,4172.860351202855,4161.169150289491,4153.962367967774,3480724113,0.027070638276202454,0.1737384312051626
4845.174660913309,4865.6478112011,4832.2702813009755,4885.972025469447,3179591722,0.8256904990470904,0.9505611858881389
4350.213689260609,4367.713003195189,4350.826744976774,4348.08461040891,2205514638,-0.07779224652921708,0.20205018722417226
2903.265582886599,2905.204225795557,2862.4710802331097,2874.7271574088404,5588042323,-0.1616375811293803,1.48953407890946
4906.9200447163685,4926.797227581517,4875.888194038914,4904.360503938131,4669615123,-0.6632119777030883,1.0123668539277846
5002.579084216142,5049.522740862195,4992.740101066069,5038.760702639096,5451271370,1.7452666272202564,1.1905031715378411
3605.660183173507,3636.350750448641,3566.6220901849156,3625.5901879633825,6180430794,-0.2546936648967064,1.7016401698608512
4193.2661488890235,4215.0309335386455,4118.7882781859935,4158.808487367666,3905590950,-1.4630010633940898,2.297758993473883
2100.8763592147243,2197.9209848075366,2092.0394266347816,2159.7962322196577,6703585676,1.6382425582504,3.0430878338287553
3616.1527828742783,3646.131618969623,3586.8777113492465,3634.343716671665,5004122062,0.34130459265800694,1.3560596230137159
3351.109506438896,3389.156893619294,3316.2430464013723,3352.376392303698,5088778302,0.7141535060921711,1.9732901764744366
5645.003906476659,5677.571612164944,5606.789701903126,5665.4014122662675,2456306497,0.5843054404179576,1.3630634439255216
4310.414934932024,4346.954384648174,4289.949093555464,4331.578837016178,3536690409,0.8360468244111516,1.1525427447465766
4355.17867333631,4355.718775056897,4343.808458149587,4329.552425020515,256062733,0.06831803632595843,0.2325319801270028
5784.122035878679,5803.192972294728,5747.513983422617,5779.323185017069,4653823816,0.016084947311985443,0.8409427853229507
4541.904330421598,4584.174024257522,4508.075285731962,4569.775052397542,5611422432,0.30541358652629724,1.619189457389683
3557.36729065644,3557.5383478387903,3498.8289132775926,3526.87242495901,5102724502,-0.40913747269246586,1.5340959588375616
5023.8462648757,5043.764902160947,4998.043874528597,5037.869198659787,4320106323,0.018345477590619,0.8008282202782785
3611.567102848505,3646.468853698133,3598.4403902042573,3628.7403222597013,4298892124,0.2629632312846752,1.4732689128729464
4317.826105586043,4365.884833333816,4314.097813751658,4360.312307489009,2835608303,1.577853238671471,1.2863780453725666
3653.7499560201536,3655.57693517415,3615.2393389447407,3639.834087122251,6239999980,-0.8578611865841745,1.188100190296268
4921.789257344952,4964.075297091679,4873.140673410914,4923.2016233174745,5271707643,0.5295124120156947,1.8945756785212533
4502.1970649915065,4531.628488708069,4474.543931780022,4487.392147674376,2990090312,1.1154594778170523,1.0777840793941666
3793.0198624583063,3830.561451505033,3740.2905137664634,3756.8462856323836,4011500244,-1.4153298218997707,2.478555181524576
5213.1376845263985,5225.017463282466,5195.056174473414,5221.526407606373,3368662888,0.46141990327726723,0.22110423396363635
4166.2211272360855,4193.684918502208,4164.6183424895335,4195.92955260101,6703491950,1.223657472103178,0.9528460965458629
4282.066537959498,4318.792613646532,4246.950186320111,4300.84326392179,5172834643,1.4177892403949295,1.5434956148010996
4474.985206948307,4517.67063500392,4493.675118175206,4515.441587832014,4919136677,1.3041842852909578,0.5779781194003768
4472.001764132009,4498.964836137561,4428.388741820713,4435.052980559655,5826977245,-0.6019107668059354,1.6849319381482635
3435.1089415366687,3448.778942275265,3463.3600114278524,3458.0526478342135,2800409280,1.4466196074631679,-0.14306829807001892
4141.5147455599545,4156.939732887334,4110.002600901986,4141.955632648362,5447042959,0.9333694812628277,1.2432348281271384
4819.391515709668,4807.0692443171065,4751.181812694462,4771.887007973574,4060937030,-1.0070187947902205,1.4986186484547734
3505.3654870998753,3496.7790768898617,3446.308581733287,3433.099581607654,4803522819,-1.7426750356274836,1.3781952256008732
4455.924252344723,4518.334402149831,4458.017584531312,4502.364149006052,2830413574,1.5972170588333485,1.1100667904667774
4426.570870638829,4498.304736711237,4395.8998510316715,4487.671603392445,5624402334,1.7147408808614792,2.2917055739165906
3346.8620018076076,3370.5694179541943,3337.757108866568,3382.1062636427864,4648824130,1.1074121074259662,1.198666199537372
2942.966025540846,2990.2493146331176,2944.7799141954993,2966.2500164020994,4145380080,0.2497738152098137,1.3389507535948657
3326.771573148313,3368.2480025991076,3300.8893616927257,3365.8084251872388,5940237994,1.5337316366932388,2.1643369349716766
4054.8219228976673,4115.566801496797,4066.533734427475,4095.815918711141,3923226398,1.1288332564504535,1.2314383280496202
5138.0141833121215,5208.37397614879,5121.959453910476,5175.393240233324,5662455424,1.6346439631503562,1.6862093914546428
3982.0126709001956,4017.4132960179904,3941.5768846645365,3976.4081040734254,5049928426,-0.44185312199753357,1.6062057425503313
4258.1054519865465,4317.077032141749,4297.032313954821,4364.349255658239,5288044311,2.293061285783614,0.4962681792514724
4254.00768614013,4292.5113733704275,4193.89875268215,4223.555191364156,4980833924,-1.4630329754340021,2.363147392586494
5694.350671323802,5726.539661874929,5635.052743349356,5666.28528193506,4565583480,-0.275279959466514,1.8880784967509785
2858.887269146305,2874.4913816802596,2855.5284703193956,2854.0726003138457,4279031634,-0.024043500987586824,0.8357168393803887
4764.291292431382,4747.96599930841,4714.763089157379,4694.1256537290465,4375980217,-1.4623421398648355,0.7592551521359202
4472.201158075913,4482.68849161408,4449.196978315657,4442.658940316688,2862487723,-0.5360556281884286,0.9688549166737677
3991.5986577455783,4032.465822752487,3988.721097590211,4043.607904990532,4650941428,1.7358597817997314,1.1208211006598687
3555.2375828215872,3620.2902828226165,3561.1460943191005,3616.309429384902,4817445386,0.9628580304854022,1.2880365472286144
5117.964119955387,5164.971129379451,5066.433838415434,5122.723132237022,5902764962,0.05075209101897797,2.014930793031097
4951.871747213,4961.574221020003,4972.166969748708,4960.848707181903,2700740711,-0.4004523750299324,-0.15276379805564702
4277.559849705958,4303.607773696878,4215.466004534821,4260.062283508819,5242070490,-0.23475990322920087,1.8495596222276853
4274.416612769488,4301.731381569283,4247.842899249967,4272.449273703234,4415376838,-0.981587302791489,1.18139263728106
4666.434243890363,4721.2609876522,4656.2883258143,4727.41715324078,4742608579,1.7429708349934372,1.68291729536157
4252.6250410237835,4280.274362926836,4235.752531584582,4271.332216657535,3819705209,1.202142440978555,0.9625502581977101
4238.997957141162,4240.489334598902,4217.113329532862,4213.160302572998,3773228831,-1.2199214466206156,0.5855279859648537
3314.8782113179195,3302.597274797929,3296.8337913203704,3295.7825817011903,5636958943,-0.5727151672610904,0.6186775710199338
4597.52723497767,4614.892637135056,4583.514361274356,4599.95944110331,4053485558,1.1878169405253132,0.5410733086913839
5535.626590314427,5529.286785565068,5506.978075670183,5515.823905759462,2190367963,0.08450161106705006,0.0932855481550143
4511.562326336245,4559.109058326751,4446.83885114538,4498.116552856654,4914447856,-0.5498199550651095,2.521087729381412
4256.255222038945,4225.580671095061,4243.226329688519,4227.1169746335645,1412568962,-1.0981297157558922,-0.36741353643589186
5427.4604005884075,5446.451052638593,5354.667780137733,5372.33217567526,5281678455,-1.14585727924572,2.290529976987697
4462.974957457775,4470.302659038172,4469.061687277219,4470.162890690744,6074621657,0.7314155196562756,0.17754942280232802
2784.548247128282,2843.096001419696,2752.7558584630724,2804.4158366322076,4798023387,1.1927507815517462,2.5138832340530906
4515.722129460789,4523.291070376384,4478.4698029626925,4509.672609488711,4525119846,-0.09840375656576243,1.0938318136295353
4767.958564282253,4774.913969715141,4756.191159730066,4802.626897287565,3278420582,0.13223025201703148,0.49445152832599404
4932.347929604955,4948.035196589351,4895.072289364064,4888.191996595894,4598471441,-1.2987208738919862,1.0715004437820832
4289.711463145591,4323.596608265871,4236.975012495978,4269.38210211313,4827406384,-0.5844212355656407,2.3612555767126904
